USE CSE_3A_261;

CREATE TABLE DEPOSITE (
	ACTNO INT,
	CNAME VARCHAR(20),
	BNAME VARCHAR(20),
	AMOUNT DECIMAL(10, 2),
	ADATE DATE
);

INSERT INTO DEPOSITE (ACTNO, CNAME, BNAME, AMOUNT, ADATE)
VALUES
    (101, 'ANIL', 'VRCE', 1000.00, '1995-03-01'),
    (102, 'ANIL', 'AJNI', 5000.00, '1996-01-04'),
    (103, 'SUNIL', 'KAROLBAGH', 3500.00, '1995-11-17'),
    (104, 'MEHUL', 'CHANDI', 1200.00, '1995-12-17'),
    (105, 'MADHURI', 'M.G.ROAD', 3000.00, '1996-03-27'),
    (106, 'PRAMOD', 'ANDHERI', 2000.00, '1996-03-31'),
    (107, 'SANDIP', 'VIRAR', 1000.00, '1995-09-05'),
    (108, 'KRANTI', 'NEHRU PLACE', 5000.00, '1995-07-02'),
    (109, 'MINU', 'POWAI', 7000.00, '1995-08-10');

    SELECT * FROM DEPOSITE;

CREATE TABLE BRANCH(
    BNAME VARCHAR(50),
    CITY VARCHAR(50)
);

INSERT INTO BRANCH (BNAME , CITY)
VALUES 
    ('VRCE', 'NAGPUR'),
    ('AJNI' , 'NAGPUR'  ),
    ('KAROLBAGH' , 'DELHI' ), 
    ('CHANDI' , 'DELHI'  ),
    ('DHARAMPETH' , 'NAGPUR'  ),
    ('M.G. ROAD' , 'BANGLORE'  ),
    ('ANDHERI' , 'BOMBAY'),
    ('VIRAR' , 'BOMBAY'  ),
    ('NEHRU PLACE' , 'DELHI'),  
    ('POWAI' , 'BOMBAY' )

     SELECT * FROM BRANCH;

CREATE TABLE CUSTOMERS (
    CNAME VARCHAR(50),
    CITY VARCHAR(50)
);

INSERT INTO CUSTOMERS (CNAME, CITY) 
    VALUES
    ('ANIL', 'CALCUTTA'),
    ('SUNIL', 'DELHI'),
    ('MEHUL', 'BARODA'),
    ('MANDAR', 'PATNA'),
    ('MADHURI', 'NAGPUR'),
    ('PRAMOD', 'NAGPUR'),
    ('SANDIP', 'SURAT'),
    ('SHIVANI', 'BOMBAY'),
    ('KRANTI', 'BOMBAY'),
    ('NAREN', 'BOMBAY');

SELECT * FROM CUSTOMERS;

CREATE TABLE BORROW (
    LOANNO INT,
    CNAME VARCHAR(50),
    BNAME VARCHAR(50),
    AMOUNT DECIMAL(8,2)
);

INSERT INTO BORROW (LOANNO, CNAME, BNAME, AMOUNT) 
VALUES
    (201, 'ANIL', 'VRCE', 1000.00),
    (206, 'MEHUL', 'AJNI', 5000.00),
    (311, 'SUNIL', 'DHARAMPETH', 3000.00),
    (321, 'MADHURI', 'ANDHERI', 2000.00),
    (375, 'PRAMOD', 'VIRAR', 8000.00),
    (481, 'KRANTI', 'NEHRU PLACE', 3000.00);

SELECT * FROM BORROW;